Order ID,Date,Status,Fulfilment,Sales Channel ,ship-service-level,Style,SKU,Category,Size,Courier Status,Qty,currency,Amount,ship-city,ship-state,ship-postal-code,ship-country,promotion-ids,B2B,fulfilled-by,ship-city-new-address
171-6655820-6440356,2022-04-30,Shipped,Amazon,Amazon.in,Expedited,J0008,J0008-SKD-XXL,Set,XXL,Shipped,2,INR,2130.0,MUMBAI,Maharashtra,400101.0,IN,IN Core Free Shipping 2015/04/08 23-48-5-108,False,Unknown,MUMBAI
171-6153595-4758722,2022-04-30,Shipped,Amazon,Amazon.in,Expedited,J0230,J0230-SKD-S,Set,S,Shipped,2,INR,2224.0,VASAI VIRAR,Maharashtra,401209.0,IN,IN Core Free Shipping 2015/04/08 23-48-5-108,False,Unknown,VASAI VIRAR
406-3338330-9401954,2022-04-28,Shipped - Delivered to Buyer,Merchant,Amazon.in,Standard,JNE3798,JNE3798-KR-M,Western Dress,M,Shipped,3,INR,2175.0,KANPUR,Uttar Pradesh,208001.0,IN,"Amazon PLCC Free-Financing Universal Merchant AAT-WNKTBO3K27EJC,Amazon PLCC Free-Financing Universal Merchant AAT-QX3UCCJESKPA2,Amazon PLCC Free-Financing Universal Merchant AAT-5QQ7BIYYQEDN2,Amazon PLCC Free-Financing Universal Merchant AAT-DSJ2QRXXWXVMQ,Amazon PLCC Free-Financing Universal Merchant AAT-CXJHMC2YJUK76,Amazon PLCC Free-Financing Universal Merchant AAT-CC4FAVTYR4X7C,Amazon PLCC Free-Financing Universal Merchant AAT-XXRCW6NZEPZI4,Amazon PLCC Free-Financing Universal Merchant AAT-EOKPWFWYW7Y6I,Amazon PLCC Free-Financing Universal Merchant AAT-ZYL5UPUNW6T62,Amazon PLCC Free-Financing Universal Merchant AAT-G5ZRX4BZOIODU,Amazon PLCC Free-Financing Universal Merchant AAT-23LLL7GZCLBVW,Amazon PLCC Free-Financing Universal Merchant AAT-PZHUW6DZX4BPS,Amazon PLCC Free-Financing Universal Merchant AAT-ETXQ3XXWMRXBG,Amazon PLCC Free-Financing Universal Merchant AAT-7X3XCTYG64VBE,Amazon PLCC Free-Financing Universal Merchant AAT-7CHGD3WTS3MHM,Amazon PLCC Free-Financing Universal Merchant AAT-26ZDKNME27X42,Amazon PLCC Free-Financing Universal Merchant AAT-4ZF5KN6E4LJK4,Amazon PLCC Free-Financing Universal Merchant AAT-7RCXIKUAX7DDY,Amazon PLCC Free-Financing Universal Merchant AAT-BRSZZ45H6MHAO,Amazon PLCC Free-Financing Universal Merchant AAT-MKLXOOZWQL7GO,Amazon PLCC Free-Financing Universal Merchant AAT-CB7UNXEXGIJTC,Amazon PLCC Free-Financing Universal Merchant #MP-gzasho-1593152694811,Amazon PLCC Free-Financing Universal Merchant AAT-WLBA4GZ52EAH4,Amazon PLCC Free-Financing Universal Merchant #MP-pmilan-1601980554292",False,Easy Ship,KANPUR
403-4106553-1691525,2022-04-23,Shipped - Delivered to Buyer,Merchant,Amazon.in,Standard,J0013,J0013-SKD-XXXL,Set,3XL,Shipped,5,INR,5495.0,JALANDHAR,Punjab,144022.0,IN,"Amazon PLCC Free-Financing Universal Merchant AAT-WNKTBO3K27EJC,Amazon PLCC Free-Financing Universal Merchant AAT-QX3UCCJESKPA2,Amazon PLCC Free-Financing Universal Merchant AAT-5QQ7BIYYQEDN2,Amazon PLCC Free-Financing Universal Merchant AAT-DSJ2QRXXWXVMQ,Amazon PLCC Free-Financing Universal Merchant AAT-CXJHMC2YJUK76,Amazon PLCC Free-Financing Universal Merchant AAT-SL3Y2YRMAUNFC,Amazon PLCC Free-Financing Universal Merchant AAT-CC4FAVTYR4X7C,Amazon PLCC Free-Financing Universal Merchant AAT-XXRCW6NZEPZI4,Amazon PLCC Free-Financing Universal Merchant AAT-EOKPWFWYW7Y6I,Amazon PLCC Free-Financing Universal Merchant AAT-ZYL5UPUNW6T62,Amazon PLCC Free-Financing Universal Merchant AAT-G5ZRX4BZOIODU,Amazon PLCC Free-Financing Universal Merchant AAT-PZHUW6DZX4BPS,Amazon PLCC Free-Financing Universal Merchant AAT-ETXQ3XXWMRXBG,Amazon PLCC Free-Financing Universal Merchant AAT-BRSZZ45H6MHAO,Amazon PLCC Free-Financing Universal Merchant AAT-MKLXOOZWQL7GO,Amazon PLCC Free-Financing Universal Merchant AAT-CB7UNXEXGIJTC,Amazon PLCC Free-Financing Universal Merchant #MP-gzasho-1593152694811,Amazon PLCC Free-Financing Universal Merchant AAT-WLBA4GZ52EAH4,Amazon PLCC Free-Financing Universal Merchant #MP-pmilan-1601980554292",True,Easy Ship,JALANDHAR
403-3943362-8896346,2022-04-22,Shipped - Delivered to Buyer,Merchant,Amazon.in,Standard,J0013,J0013-SKD-XXXL,Set,3XL,Shipped,2,INR,2198.0,JALANDHAR,Punjab,144022.0,IN,"Amazon PLCC Free-Financing Universal Merchant AAT-WNKTBO3K27EJC,Amazon PLCC Free-Financing Universal Merchant AAT-QX3UCCJESKPA2,Amazon PLCC Free-Financing Universal Merchant AAT-5QQ7BIYYQEDN2,Amazon PLCC Free-Financing Universal Merchant AAT-DSJ2QRXXWXVMQ,Amazon PLCC Free-Financing Universal Merchant AAT-CXJHMC2YJUK76,Amazon PLCC Free-Financing Universal Merchant AAT-SL3Y2YRMAUNFC,Amazon PLCC Free-Financing Universal Merchant AAT-CC4FAVTYR4X7C,Amazon PLCC Free-Financing Universal Merchant AAT-XXRCW6NZEPZI4,Amazon PLCC Free-Financing Universal Merchant AAT-EOKPWFWYW7Y6I,Amazon PLCC Free-Financing Universal Merchant AAT-ZYL5UPUNW6T62,Amazon PLCC Free-Financing Universal Merchant AAT-G5ZRX4BZOIODU,Amazon PLCC Free-Financing Universal Merchant AAT-MYWMDU232W4HO,Amazon PLCC Free-Financing Universal Merchant AAT-PZHUW6DZX4BPS,Amazon PLCC Free-Financing Universal Merchant AAT-BRSZZ45H6MHAO,Amazon PLCC Free-Financing Universal Merchant AAT-MKLXOOZWQL7GO,Amazon PLCC Free-Financing Universal Merchant AAT-CB7UNXEXGIJTC,Amazon PLCC Free-Financing Universal Merchant #MP-gzasho-1593152694811,Amazon PLCC Free-Financing Universal Merchant AAT-WLBA4GZ52EAH4,Amazon PLCC Free-Financing Universal Merchant #MP-pmilan-1601980554292",True,Easy Ship,JALANDHAR
405-4362525-1025138,2022-04-20,Shipped,Amazon,Amazon.in,Expedited,J0238,J0238-LCD-XXXL,Set,3XL,Shipped,1,INR,2299.0,JAMMU,Jammu & Kashmir,180012.0,IN,IN Core Free Shipping 2015/04/08 23-48-5-108,False,Unknown,JAMMU
404-1362203-3716347,2022-04-20,Shipped,Amazon,Amazon.in,Expedited,J0230,J0230-SKD-M,Set,M,Shipped,2,INR,2224.0,HISAR,HARYANA,125001.0,IN,IN Core Free Shipping 2015/04/08 23-48-5-108,False,Unknown,HISAR
404-9390368-1493927,2022-04-20,Cancelled,Amazon,Amazon.in,Expedited,J0230,J0230-SKD-M,Set,M,Unshipped,2,INR,2224.0,HISAR,HARYANA,125001.0,IN,Unknown,False,Unknown,HISAR
406-1124784-1093950,2022-04-18,Shipped - Delivered to Buyer,Merchant,Amazon.in,Standard,J0341,J0341-DR-M,Western Dress,M,Shipped,3,INR,2232.0,Kochi,Kerala,682036.0,IN,"Amazon PLCC Free-Financing Universal Merchant AAT-WNKTBO3K27EJC,Amazon PLCC Free-Financing Universal Merchant AAT-QX3UCCJESKPA2,Amazon PLCC Free-Financing Universal Merchant AAT-CXJHMC2YJUK76,Amazon PLCC Free-Financing Universal Merchant AAT-CC4FAVTYR4X7C,Amazon PLCC Free-Financing Universal Merchant AAT-XXRCW6NZEPZI4,Amazon PLCC Free-Financing Universal Merchant AAT-EOKPWFWYW7Y6I,Amazon PLCC Free-Financing Universal Merchant AAT-ZYL5UPUNW6T62,Amazon PLCC Free-Financing Universal Merchant AAT-G5ZRX4BZOIODU,Amazon PLCC Free-Financing Universal Merchant AAT-PZHUW6DZX4BPS,Amazon PLCC Free-Financing Universal Merchant AAT-XX7G3ZRJJJ5LG,Amazon PLCC Free-Financing Universal Merchant AAT-LEHCKNDBJG64E,Amazon PLCC Free-Financing Universal Merchant AAT-DJVHCEV7D7RQY,Amazon PLCC Free-Financing Universal Merchant AAT-BRSZZ45H6MHAO,Amazon PLCC Free-Financing Universal Merchant AAT-MKLXOOZWQL7GO,Amazon PLCC Free-Financing Universal Merchant AAT-CB7UNXEXGIJTC,Amazon PLCC Free-Financing Universal Merchant #MP-gzasho-1593152694811,Amazon PLCC Free-Financing Universal Merchant AAT-WLBA4GZ52EAH4,Amazon PLCC Free-Financing Universal Merchant #MP-pmilan-1601980554292",False,Easy Ship,KOCHI
407-3483041-9133135,2022-04-16,Cancelled,Merchant,Amazon.in,Standard,SET397,SET397-KR-NP  -M,Set,M,Unknown,0,INR,4235.72,Jaipur,Rajasthan,302012.0,IN,Unknown,False,Easy Ship,JAIPUR
408-9885439-6698733,2022-04-13,Shipped,Amazon,Amazon.in,Expedited,J0285,J0285-SKD-S,Set,S,Shipped,2,INR,2864.0,BENGALURU,Karnataka,560032.0,IN,Unknown,False,Unknown,BENGALURU
405-1532319-7847503,2022-04-13,Shipped,Amazon,Amazon.in,Expedited,SET398,SET398-KR-PP-M,Set,M,Shipped,2,INR,2230.0,LEH,Jammu & Kashmir,194101.0,IN,IN Core Free Shipping 2015/04/08 23-48-5-108,False,Unknown,LEH
171-7532609-3249907,2022-04-11,Shipped - Delivered to Buyer,Merchant,Amazon.in,Standard,JNE3797,JNE3797-KR-M,Western Dress,M,Shipped,3,INR,2175.0,RAXAUL BAZAR,Bihar,845305.0,IN,"Amazon PLCC Free-Financing Universal Merchant AAT-WNKTBO3K27EJC,Amazon PLCC Free-Financing Universal Merchant AAT-QX3UCCJESKPA2,Amazon PLCC Free-Financing Universal Merchant AAT-CXJHMC2YJUK76,Amazon PLCC Free-Financing Universal Merchant AAT-CC4FAVTYR4X7C,Amazon PLCC Free-Financing Universal Merchant AAT-XXRCW6NZEPZI4,Amazon PLCC Free-Financing Universal Merchant AAT-EOKPWFWYW7Y6I,Amazon PLCC Free-Financing Universal Merchant AAT-ZYL5UPUNW6T62,Amazon PLCC Free-Financing Universal Merchant AAT-G5ZRX4BZOIODU,Amazon PLCC Free-Financing Universal Merchant AAT-PZHUW6DZX4BPS,Amazon PLCC Free-Financing Universal Merchant AAT-BRSZZ45H6MHAO,Amazon PLCC Free-Financing Universal Merchant AAT-MKLXOOZWQL7GO,Amazon PLCC Free-Financing Universal Merchant AAT-CB7UNXEXGIJTC,Amazon PLCC Free-Financing Universal Merchant #MP-gzasho-1593152694811,Amazon PLCC Free-Financing Universal Merchant AAT-WLBA4GZ52EAH4",False,Easy Ship,RAXAUL BAZAR
405-4755854-9568304,2022-04-10,Shipped,Amazon,Amazon.in,Expedited,JNE3465,JNE3465-KR-S,kurta,S,Shipped,4,INR,2068.0,MANGALURU,Karnataka,575006.0,IN,IN Core Free Shipping 2015/04/08 23-48-5-108,False,Unknown,MANGALURU
404-0430156-5953153,2022-04-10,Shipped - Delivered to Buyer,Merchant,Amazon.in,Standard,SET249,SET249-KR-NP-XL,Set,XL,Shipped,3,INR,2040.0,MUMBAI,Maharashtra,400069.0,IN,"Amazon PLCC Free-Financing Universal Merchant AAT-WNKTBO3K27EJC,Amazon PLCC Free-Financing Universal Merchant AAT-QX3UCCJESKPA2,Amazon PLCC Free-Financing Universal Merchant AAT-CXJHMC2YJUK76,Amazon PLCC Free-Financing Universal Merchant AAT-CC4FAVTYR4X7C,Amazon PLCC Free-Financing Universal Merchant AAT-XXRCW6NZEPZI4,Amazon PLCC Free-Financing Universal Merchant AAT-EOKPWFWYW7Y6I,Amazon PLCC Free-Financing Universal Merchant AAT-ZYL5UPUNW6T62,Amazon PLCC Free-Financing Universal Merchant AAT-G5ZRX4BZOIODU,Amazon PLCC Free-Financing Universal Merchant SS-1649241544188,Amazon PLCC Free-Financing Universal Merchant AAT-TNYBHEAO7HOHO,Amazon PLCC Free-Financing Universal Merchant AAT-BRSZZ45H6MHAO,Amazon PLCC Free-Financing Universal Merchant AAT-MKLXOOZWQL7GO,Amazon PLCC Free-Financing Universal Merchant AAT-CB7UNXEXGIJTC,Amazon PLCC Free-Financing Universal Merchant #MP-gzasho-1593152694811,Amazon PLCC Free-Financing Universal Merchant AAT-WLBA4GZ52EAH4,Amazon PLCC Free-Financing Universal Merchant AAT-QMFZ3M7T5NPDS,Amazon PLCC Free-Financing Universal Merchant #MP-pmilan-1601980554292",False,Easy Ship,MUMBAI
408-3363121-6123562,2022-04-06,Shipped - Delivered to Buyer,Merchant,Amazon.in,Standard,JNE3797,JNE3797-KR-XS,Western Dress,XS,Shipped,4,INR,2860.0,KANPUR,Uttar Pradesh,208001.0,IN,"Amazon PLCC Free-Financing Universal Merchant AAT-WNKTBO3K27EJC,Amazon PLCC Free-Financing Universal Merchant AAT-QX3UCCJESKPA2,Amazon PLCC Free-Financing Universal Merchant AAT-CXJHMC2YJUK76,Amazon PLCC Free-Financing Universal Merchant AAT-CC4FAVTYR4X7C,Amazon PLCC Free-Financing Universal Merchant AAT-XXRCW6NZEPZI4,Amazon PLCC Free-Financing Universal Merchant AAT-EOKPWFWYW7Y6I,Amazon PLCC Free-Financing Universal Merchant AAT-ZYL5UPUNW6T62,Amazon PLCC Free-Financing Universal Merchant AAT-G5ZRX4BZOIODU,Amazon PLCC Free-Financing Universal Merchant AAT-YFJA6XMAMWZSK,Amazon PLCC Free-Financing Universal Merchant AAT-K66BSCE2J2V5E,Amazon PLCC Free-Financing Universal Merchant AAT-275LMAQ3T5REI,Amazon PLCC Free-Financing Universal Merchant AAT-BRSZZ45H6MHAO,Amazon PLCC Free-Financing Universal Merchant AAT-MKLXOOZWQL7GO,Amazon PLCC Free-Financing Universal Merchant AAT-CB7UNXEXGIJTC,Amazon PLCC Free-Financing Universal Merchant #MP-gzasho-1593152694811,Amazon PLCC Free-Financing Universal Merchant AAT-WLBA4GZ52EAH4,Amazon PLCC Free-Financing Universal Merchant #MP-pmilan-1601980554292",False,Easy Ship,KANPUR
402-5239558-4281957,2022-04-05,Shipped,Amazon,Amazon.in,Expedited,SET268,SET268-KR-NP-XS,Set,XS,Shipped,8,INR,5584.0,GUNTUR,Andhra pradesh,522007.0,IN,Unknown,False,Unknown,GUNTUR
403-6182499-0788348,2022-04-02,Shipped,Amazon,Amazon.in,Expedited,J0338,J0338-DR-L,Western Dress,L,Shipped,2,INR,2066.0,BENGALURU,Karnataka,560098.0,IN,IN Core Free Shipping 2015/04/08 23-48-5-108,False,Unknown,BENGALURU
402-7068488-0986720,2022-04-02,Shipped,Amazon,Amazon.in,Expedited,SET098,SET098-KR-PP-M,Set,M,Shipped,3,INR,2016.0,ARSIKERE,Karnataka,573103.0,IN,IN Core Free Shipping 2015/04/08 23-48-5-108,False,Unknown,ARSIKERE
408-9783812-8938718,2022-04-02,Shipped,Amazon,Amazon.in,Expedited,SET269,SET269-KR-NP-XL,Set,XL,Shipped,3,INR,2397.0,NAMAKKAL,Tamil Nadu,637001.0,IN,IN Core Free Shipping 2015/04/08 23-48-5-108,False,Unknown,NAMAKKAL
404-6702791-9677138,2022-05-30,Shipped,Amazon,Amazon.in,Expedited,SET363,SET363-KR-NP-XS,Set,XS,Shipped,2,INR,2298.0,GREATER NOIDA,Uttar Pradesh,201306.0,IN,Unknown,False,Unknown,GREATER NOIDA
171-9419863-7830701,2022-05-27,Shipped,Amazon,Amazon.in,Expedited,J0341,J0341-DR-XXL,Western Dress,XXL,Shipped,3,INR,2655.0,NAVI MUMBAI,Maharashtra,410206.0,IN,IN Core Free Shipping 2015/04/08 23-48-5-108,False,Unknown,NAVI MUMBAI
407-7422631-4143554,2022-05-26,Shipped,Amazon,Amazon.in,Expedited,J0002,J0002-SKD-L,Set,L,Shipped,2,INR,2372.0,CHENNAI 600028,Tamil Nadu,600028.0,IN,IN Core Free Shipping 2015/04/08 23-48-5-108,False,Unknown,CHENNAI 600028
405-5657207-4685151,2022-05-26,Shipped - Delivered to Buyer,Merchant,Amazon.in,Standard,J0238,J0238-LCD-L,Set,L,Shipped,1,INR,2598.0,THANE,Maharashtra,400607.0,IN,"Amazon PLCC Free-Financing Universal Merchant AAT-WNKTBO3K27EJC,Amazon PLCC Free-Financing Universal Merchant AAT-QX3UCCJESKPA2,Amazon PLCC Free-Financing Universal Merchant AAT-5QQ7BIYYQEDN2,Amazon PLCC Free-Financing Universal Merchant AAT-DSJ2QRXXWXVMQ,Amazon PLCC Free-Financing Universal Merchant AAT-CXJHMC2YJUK76,Amazon PLCC Free-Financing Universal Merchant AAT-SL3Y2YRMAUNFC,Amazon PLCC Free-Financing Universal Merchant AAT-CC4FAVTYR4X7C,Amazon PLCC Free-Financing Universal Merchant AAT-FYWJCQHU2XQ2U,Amazon PLCC Free-Financing Universal Merchant AAT-R7GXNZWISTRFA,Amazon PLCC Free-Financing Universal Merchant AAT-EOKPWFWYW7Y6I,Amazon PLCC Free-Financing Universal Merchant AAT-URPEBMPS7TSPE,Amazon PLCC Free-Financing Universal Merchant AAT-L2DLP5YGE5766,Amazon PLCC Free-Financing Universal Merchant AAT-5ZEB2OGNZ32MC,Amazon PLCC Free-Financing Universal Merchant AAT-ZE7TVXRI2VMF4,Amazon PLCC Free-Financing Universal Merchant AAT-BRSZZ45H6MHAO,Amazon PLCC Free-Financing Universal Merchant AAT-MKLXOOZWQL7GO,Amazon PLCC Free-Financing Universal Merchant AAT-CB7UNXEXGIJTC,Amazon PLCC Free-Financing Universal Merchant #MP-gzasho-1593152694811,Amazon PLCC Free-Financing Universal Merchant AAT-WLBA4GZ52EAH4,Amazon PLCC Free-Financing Universal Merchant #MP-pmilan-1601980554292",False,Easy Ship,THANE
171-6011215-7144350,2022-05-20,Shipped - Delivered to Buyer,Merchant,Amazon.in,Standard,SET398,SET398-KR-PP-XS,Set,XS,Shipped,2,INR,2372.0,ALWAR,Rajasthan,301001.0,IN,"Amazon PLCC Free-Financing Universal Merchant AAT-WNKTBO3K27EJC,Amazon PLCC Free-Financing Universal Merchant AAT-QX3UCCJESKPA2,Amazon PLCC Free-Financing Universal Merchant AAT-5QQ7BIYYQEDN2,Amazon PLCC Free-Financing Universal Merchant AAT-DSJ2QRXXWXVMQ,Amazon PLCC Free-Financing Universal Merchant AAT-CXJHMC2YJUK76,Amazon PLCC Free-Financing Universal Merchant AAT-SL3Y2YRMAUNFC,Amazon PLCC Free-Financing Universal Merchant AAT-CC4FAVTYR4X7C,Amazon PLCC Free-Financing Universal Merchant AAT-FYWJCQHU2XQ2U,Amazon PLCC Free-Financing Universal Merchant AAT-EOKPWFWYW7Y6I,Amazon PLCC Free-Financing Universal Merchant AAT-URPEBMPS7TSPE,Amazon PLCC Free-Financing Universal Merchant AAT-4ZN7U6MMDFGWM,Amazon PLCC Free-Financing Universal Merchant AAT-PAWHL2EB33U42,Amazon PLCC Free-Financing Universal Merchant AAT-7WX4JYESZISLU,Amazon PLCC Free-Financing Universal Merchant AAT-CIX56SGGAWUYW,Amazon PLCC Free-Financing Universal Merchant AAT-DMQVBJASKTAHS,Amazon PLCC Free-Financing Universal Merchant AAT-OZQCPML255CW2,Amazon PLCC Free-Financing Universal Merchant AAT-BRSZZ45H6MHAO,Amazon PLCC Free-Financing Universal Merchant AAT-MKLXOOZWQL7GO,Amazon PLCC Free-Financing Universal Merchant AAT-CB7UNXEXGIJTC,Amazon PLCC Free-Financing Universal Merchant #MP-gzasho-1593152694811,Amazon PLCC Free-Financing Universal Merchant AAT-WLBA4GZ52EAH4",False,Easy Ship,ALWAR
408-9361250-7029128,2022-05-19,Shipped,Amazon,Amazon.in,Expedited,J0230,J0230-SKD-XL,Set,XL,Shipped,2,INR,2698.0,KOLKATA,West Bangal,700016.0,IN,Unknown,True,Unknown,KOLKATA
403-2895516-9774723,2022-05-18,Shipped - Delivered to Buyer,Merchant,Amazon.in,Standard,J0002,J0002-SKD-XXL,Set,XXL,Shipped,2,INR,2372.0,FARIDABAD,HARYANA,121006.0,IN,"Amazon PLCC Free-Financing Universal Merchant AAT-WNKTBO3K27EJC,Amazon PLCC Free-Financing Universal Merchant AAT-QX3UCCJESKPA2,Amazon PLCC Free-Financing Universal Merchant AAT-5QQ7BIYYQEDN2,Amazon PLCC Free-Financing Universal Merchant AAT-DSJ2QRXXWXVMQ,Amazon PLCC Free-Financing Universal Merchant AAT-CXJHMC2YJUK76,Amazon PLCC Free-Financing Universal Merchant AAT-SL3Y2YRMAUNFC,Amazon PLCC Free-Financing Universal Merchant AAT-CC4FAVTYR4X7C,Amazon PLCC Free-Financing Universal Merchant AAT-FYWJCQHU2XQ2U,Amazon PLCC Free-Financing Universal Merchant AAT-EOKPWFWYW7Y6I,Amazon PLCC Free-Financing Universal Merchant AAT-URPEBMPS7TSPE,Amazon PLCC Free-Financing Universal Merchant AAT-5ZEB2OGNZ32MC,Amazon PLCC Free-Financing Universal Merchant AAT-YZ2VQO2YM6YYM,Amazon PLCC Free-Financing Universal Merchant AAT-4EOBCMLXMLDGY,Amazon PLCC Free-Financing Universal Merchant AAT-UB6CYNTOQMM7C,Amazon PLCC Free-Financing Universal Merchant AAT-TNYBHEAO7HOHO,Amazon PLCC Free-Financing Universal Merchant AAT-BRSZZ45H6MHAO,Amazon PLCC Free-Financing Universal Merchant AAT-MKLXOOZWQL7GO,Amazon PLCC Free-Financing Universal Merchant AAT-CB7UNXEXGIJTC,Amazon PLCC Free-Financing Universal Merchant #MP-gzasho-1593152694811,Amazon PLCC Free-Financing Universal Merchant AAT-WLBA4GZ52EAH4,Amazon PLCC Free-Financing Universal Merchant AAT-QMFZ3M7T5NPDS,Amazon PLCC Free-Financing Universal Merchant #MP-pmilan-1601980554292",False,Easy Ship,FARIDABAD
402-0603541-4663511,2022-05-16,Shipped - Delivered to Buyer,Merchant,Amazon.in,Standard,J0238,J0238-LCD-XL,Set,XL,Shipped,1,INR,2598.0,NAGPUR,Maharashtra,440010.0,IN,"Amazon PLCC Free-Financing Universal Merchant AAT-WNKTBO3K27EJC,Amazon PLCC Free-Financing Universal Merchant AAT-QX3UCCJESKPA2,Amazon PLCC Free-Financing Universal Merchant AAT-5QQ7BIYYQEDN2,Amazon PLCC Free-Financing Universal Merchant AAT-DSJ2QRXXWXVMQ,Amazon PLCC Free-Financing Universal Merchant AAT-CXJHMC2YJUK76,Amazon PLCC Free-Financing Universal Merchant AAT-SL3Y2YRMAUNFC,Amazon PLCC Free-Financing Universal Merchant AAT-CC4FAVTYR4X7C,Amazon PLCC Free-Financing Universal Merchant AAT-FYWJCQHU2XQ2U,Amazon PLCC Free-Financing Universal Merchant AAT-WSJLDN3X7KEMO,Amazon PLCC Free-Financing Universal Merchant AAT-VL6FGQVGQVXUS,Amazon PLCC Free-Financing Universal Merchant AAT-EOKPWFWYW7Y6I,Amazon PLCC Free-Financing Universal Merchant AAT-URPEBMPS7TSPE,Amazon PLCC Free-Financing Universal Merchant AAT-UTOJEOOWL6XC2,Amazon PLCC Free-Financing Universal Merchant AAT-5ZEB2OGNZ32MC,Amazon PLCC Free-Financing Universal Merchant AAT-YZ2VQO2YM6YYM,Amazon PLCC Free-Financing Universal Merchant AAT-4EOBCMLXMLDGY,Amazon PLCC Free-Financing Universal Merchant AAT-UB6CYNTOQMM7C,Amazon PLCC Free-Financing Universal Merchant AAT-BRSZZ45H6MHAO,Amazon PLCC Free-Financing Universal Merchant AAT-MKLXOOZWQL7GO,Amazon PLCC Free-Financing Universal Merchant AAT-CB7UNXEXGIJTC,Amazon PLCC Free-Financing Universal Merchant #MP-gzasho-1593152694811,Amazon PLCC Free-Financing Universal Merchant AAT-WLBA4GZ52EAH4",False,Easy Ship,NAGPUR
406-0207843-8044301,2022-05-15,Shipped - Delivered to Buyer,Merchant,Amazon.in,Standard,J0238,J0238-LCD-L,Set,L,Shipped,1,INR,2598.0,SARDARSHAHAR,Rajasthan,331403.0,IN,"Amazon PLCC Free-Financing Universal Merchant AAT-WNKTBO3K27EJC,Amazon PLCC Free-Financing Universal Merchant AAT-QX3UCCJESKPA2,Amazon PLCC Free-Financing Universal Merchant AAT-5QQ7BIYYQEDN2,Amazon PLCC Free-Financing Universal Merchant AAT-DSJ2QRXXWXVMQ,Amazon PLCC Free-Financing Universal Merchant AAT-CXJHMC2YJUK76,Amazon PLCC Free-Financing Universal Merchant AAT-CC4FAVTYR4X7C,Amazon PLCC Free-Financing Universal Merchant AAT-FYWJCQHU2XQ2U,Amazon PLCC Free-Financing Universal Merchant AAT-R7GXNZWISTRFA,Amazon PLCC Free-Financing Universal Merchant AAT-WSJLDN3X7KEMO,Amazon PLCC Free-Financing Universal Merchant AAT-VL6FGQVGQVXUS,Amazon PLCC Free-Financing Universal Merchant AAT-EOKPWFWYW7Y6I,Amazon PLCC Free-Financing Universal Merchant AAT-URPEBMPS7TSPE,Amazon PLCC Free-Financing Universal Merchant AAT-L2DLP5YGE5766,Amazon PLCC Free-Financing Universal Merchant AAT-YZ2VQO2YM6YYM,Amazon PLCC Free-Financing Universal Merchant AAT-4EOBCMLXMLDGY,Amazon PLCC Free-Financing Universal Merchant AAT-UB6CYNTOQMM7C,Amazon PLCC Free-Financing Universal Merchant AAT-BRSZZ45H6MHAO,Amazon PLCC Free-Financing Universal Merchant AAT-MKLXOOZWQL7GO,Amazon PLCC Free-Financing Universal Merchant AAT-CB7UNXEXGIJTC,Amazon PLCC Free-Financing Universal Merchant #MP-gzasho-1593152694811,Amazon PLCC Free-Financing Universal Merchant AAT-WLBA4GZ52EAH4",False,Easy Ship,SARDARSHAHAR
404-6473659-6980300,2022-05-11,Shipped - Delivered to Buyer,Merchant,Amazon.in,Standard,SET304,SET304-KR-DPT-XS,Set,XS,Shipped,2,INR,2372.0,CHENNAI,Tamil Nadu,600001.0,IN,"Amazon PLCC Free-Financing Universal Merchant AAT-WNKTBO3K27EJC,Amazon PLCC Free-Financing Universal Merchant AAT-QX3UCCJESKPA2,Amazon PLCC Free-Financing Universal Merchant AAT-5QQ7BIYYQEDN2,Amazon PLCC Free-Financing Universal Merchant AAT-DSJ2QRXXWXVMQ,Amazon PLCC Free-Financing Universal Merchant AAT-CXJHMC2YJUK76,Amazon PLCC Free-Financing Universal Merchant AAT-CC4FAVTYR4X7C,Amazon PLCC Free-Financing Universal Merchant AAT-FYWJCQHU2XQ2U,Amazon PLCC Free-Financing Universal Merchant AAT-EOKPWFWYW7Y6I,Amazon PLCC Free-Financing Universal Merchant AAT-URPEBMPS7TSPE,Amazon PLCC Free-Financing Universal Merchant AAT-2MN4SWBDTUSNI,Amazon PLCC Free-Financing Universal Merchant AAT-4VFZUZS2EO5J2,Amazon PLCC Free-Financing Universal Merchant AAT-TNYBHEAO7HOHO,Amazon PLCC Free-Financing Universal Merchant AAT-BRSZZ45H6MHAO,Amazon PLCC Free-Financing Universal Merchant AAT-MKLXOOZWQL7GO,Amazon PLCC Free-Financing Universal Merchant AAT-CB7UNXEXGIJTC,Amazon PLCC Free-Financing Universal Merchant #MP-gzasho-1593152694811,Amazon PLCC Free-Financing Universal Merchant AAT-WLBA4GZ52EAH4,Amazon PLCC Free-Financing Universal Merchant AAT-QMFZ3M7T5NPDS,Amazon PLCC Free-Financing Universal Merchant #MP-pmilan-1601980554292",False,Easy Ship,CHENNAI
171-3502000-6477118,2022-05-10,Shipped,Amazon,Amazon.in,Expedited,SAR135,SAR135,Saree,Free,Shipped,3,INR,2058.0,VILLUPURAM,Tamil Nadu,605602.0,IN,IN Core Free Shipping 2015/04/08 23-48-5-108,False,Unknown,VILLUPURAM
402-9141667-1791537,2022-05-10,Cancelled,Amazon,Amazon.in,Expedited,SET364,SET364-KR-NP-XXL,Set,XXL,Unshipped,2,INR,2676.0,CHENNAI,Tamil Nadu,600053.0,IN,Unknown,False,Unknown,CHENNAI
406-3360895-1639546,2022-05-08,Shipped - Delivered to Buyer,Merchant,Amazon.in,Standard,J0238,J0238-LCD-XS,Set,XS,Shipped,1,INR,2442.0,PUNE,Maharashtra,411028.0,IN,"Amazon PLCC Free-Financing Universal Merchant AAT-WNKTBO3K27EJC,Amazon PLCC Free-Financing Universal Merchant AAT-QX3UCCJESKPA2,Amazon PLCC Free-Financing Universal Merchant AAT-5QQ7BIYYQEDN2,Amazon PLCC Free-Financing Universal Merchant AAT-DSJ2QRXXWXVMQ,Amazon PLCC Free-Financing Universal Merchant AAT-CXJHMC2YJUK76,Amazon PLCC Free-Financing Universal Merchant AAT-CC4FAVTYR4X7C,Amazon PLCC Free-Financing Universal Merchant AAT-FYWJCQHU2XQ2U,Amazon PLCC Free-Financing Universal Merchant AAT-R7GXNZWISTRFA,Amazon PLCC Free-Financing Universal Merchant AAT-WSJLDN3X7KEMO,Amazon PLCC Free-Financing Universal Merchant AAT-VL6FGQVGQVXUS,Amazon PLCC Free-Financing Universal Merchant AAT-EOKPWFWYW7Y6I,Amazon PLCC Free-Financing Universal Merchant AAT-URPEBMPS7TSPE,Amazon PLCC Free-Financing Universal Merchant AAT-TREXU6MY3SEMI,Amazon PLCC Free-Financing Universal Merchant AAT-RVL5KAXRIWHV2,Amazon PLCC Free-Financing Universal Merchant AAT-BS2QIL3ZUUJDC,Amazon PLCC Free-Financing Universal Merchant AAT-BD2QQYQLU3K3Q,Amazon PLCC Free-Financing Universal Merchant AAT-7Z5FYSWV55YJ6,Amazon PLCC Free-Financing Universal Merchant AAT-KQRYFJZLTA6E2,Amazon PLCC Free-Financing Universal Merchant AAT-F6SN46VZWQOQI,Amazon PLCC Free-Financing Universal Merchant AAT-GL6VKXK3MYVP4,Amazon PLCC Free-Financing Universal Merchant AAT-26CRLBGU7BZ4I,Amazon PLCC Free-Financing Universal Merchant AAT-EC3WUB2OYMZJY,Amazon PLCC Free-Financing Universal Merchant AAT-LLHTF3J4EFYUO,Amazon PLCC Free-Financing Universal Merchant AAT-BRSZZ45H6MHAO,Amazon PLCC Free-Financing Universal Merchant AAT-MKLXOOZWQL7GO,Amazon PLCC Free-Financing Universal Merchant AAT-CB7UNXEXGIJTC,Amazon PLCC Free-Financing Universal Merchant #MP-gzasho-1593152694811,Amazon PLCC Free-Financing Universal Merchant AAT-WLBA4GZ52EAH4",False,Easy Ship,PUNE
408-0398992-2545935,2022-05-08,Shipped - Delivered to Buyer,Merchant,Amazon.in,Standard,J0238,J0238-LCD-L,Set,L,Shipped,1,INR,2442.0,KURNOOL,Andhra pradesh,518002.0,IN,"Amazon PLCC Free-Financing Universal Merchant AAT-WNKTBO3K27EJC,Amazon PLCC Free-Financing Universal Merchant AAT-QX3UCCJESKPA2,Amazon PLCC Free-Financing Universal Merchant AAT-5QQ7BIYYQEDN2,Amazon PLCC Free-Financing Universal Merchant AAT-DSJ2QRXXWXVMQ,Amazon PLCC Free-Financing Universal Merchant AAT-CXJHMC2YJUK76,Amazon PLCC Free-Financing Universal Merchant AAT-SL3Y2YRMAUNFC,Amazon PLCC Free-Financing Universal Merchant AAT-CC4FAVTYR4X7C,Amazon PLCC Free-Financing Universal Merchant AAT-FYWJCQHU2XQ2U,Amazon PLCC Free-Financing Universal Merchant AAT-R7GXNZWISTRFA,Amazon PLCC Free-Financing Universal Merchant AAT-EOKPWFWYW7Y6I,Amazon PLCC Free-Financing Universal Merchant AAT-URPEBMPS7TSPE,Amazon PLCC Free-Financing Universal Merchant AAT-TREXU6MY3SEMI,Amazon PLCC Free-Financing Universal Merchant AAT-CPIZVVXYOLZ5S,Amazon PLCC Free-Financing Universal Merchant AAT-BS2QIL3ZUUJDC,Amazon PLCC Free-Financing Universal Merchant AAT-BD2QQYQLU3K3Q,Amazon PLCC Free-Financing Universal Merchant AAT-7Z5FYSWV55YJ6,Amazon PLCC Free-Financing Universal Merchant AAT-KQRYFJZLTA6E2,Amazon PLCC Free-Financing Universal Merchant AAT-F6SN46VZWQOQI,Amazon PLCC Free-Financing Universal Merchant AAT-GL6VKXK3MYVP4,Amazon PLCC Free-Financing Universal Merchant AAT-26CRLBGU7BZ4I,Amazon PLCC Free-Financing Universal Merchant AAT-EC3WUB2OYMZJY,Amazon PLCC Free-Financing Universal Merchant AAT-LLHTF3J4EFYUO,Amazon PLCC Free-Financing Universal Merchant AAT-TNYBHEAO7HOHO,Amazon PLCC Free-Financing Universal Merchant AAT-BRSZZ45H6MHAO,Amazon PLCC Free-Financing Universal Merchant AAT-MKLXOOZWQL7GO,Amazon PLCC Free-Financing Universal Merchant AAT-CB7UNXEXGIJTC,Amazon PLCC Free-Financing Universal Merchant #MP-gzasho-1593152694811,Amazon PLCC Free-Financing Universal Merchant AAT-WLBA4GZ52EAH4,Amazon PLCC Free-Financing Universal Merchant AAT-QMFZ3M7T5NPDS,Amazon PLCC Free-Financing Universal Merchant #MP-pmilan-1601980554292",False,Easy Ship,KURNOOL
405-6877720-7865168,2022-05-07,Shipped - Returned to Seller,Merchant,Amazon.in,Standard,JNE2086,JNE2086-KR-389-M,kurta,M,Shipped,4,INR,2796.0,MAHENDRAGARH,HARYANA,123029.0,IN,"Amazon PLCC Free-Financing Universal Merchant AAT-WNKTBO3K27EJC,Amazon PLCC Free-Financing Universal Merchant AAT-QX3UCCJESKPA2,Amazon PLCC Free-Financing Universal Merchant AAT-5QQ7BIYYQEDN2,Amazon PLCC Free-Financing Universal Merchant AAT-DSJ2QRXXWXVMQ,Amazon PLCC Free-Financing Universal Merchant AAT-CXJHMC2YJUK76,Amazon PLCC Free-Financing Universal Merchant AAT-CC4FAVTYR4X7C,Amazon PLCC Free-Financing Universal Merchant AAT-FYWJCQHU2XQ2U,Amazon PLCC Free-Financing Universal Merchant AAT-EOKPWFWYW7Y6I,Amazon PLCC Free-Financing Universal Merchant AAT-URPEBMPS7TSPE,Amazon PLCC Free-Financing Universal Merchant AAT-3R6UGYISJQCKA,Amazon PLCC Free-Financing Universal Merchant AAT-RVL5KAXRIWHV2,Amazon PLCC Free-Financing Universal Merchant AAT-BS2QIL3ZUUJDC,Amazon PLCC Free-Financing Universal Merchant AAT-BD2QQYQLU3K3Q,Amazon PLCC Free-Financing Universal Merchant AAT-7Z5FYSWV55YJ6,Amazon PLCC Free-Financing Universal Merchant AAT-KQRYFJZLTA6E2,Amazon PLCC Free-Financing Universal Merchant AAT-F6SN46VZWQOQI,Amazon PLCC Free-Financing Universal Merchant AAT-GL6VKXK3MYVP4,Amazon PLCC Free-Financing Universal Merchant AAT-26CRLBGU7BZ4I,Amazon PLCC Free-Financing Universal Merchant AAT-EC3WUB2OYMZJY,Amazon PLCC Free-Financing Universal Merchant AAT-LLHTF3J4EFYUO,Amazon PLCC Free-Financing Universal Merchant AAT-BRSZZ45H6MHAO,Amazon PLCC Free-Financing Universal Merchant AAT-MKLXOOZWQL7GO,Amazon PLCC Free-Financing Universal Merchant AAT-CB7UNXEXGIJTC,Amazon PLCC Free-Financing Universal Merchant #MP-gzasho-1593152694811,Amazon PLCC Free-Financing Universal Merchant AAT-WLBA4GZ52EAH4",False,Easy Ship,MAHENDRAGARH
402-2808579-1697143,2022-05-04,Shipped - Delivered to Buyer,Merchant,Amazon.in,Standard,J0004,J0004-SKD-L,Set,L,Shipped,2,INR,2372.0,RAJGARH CHURU DISTRICT,Rajasthan,331023.0,IN,"Amazon PLCC Free-Financing Universal Merchant AAT-WNKTBO3K27EJC,Amazon PLCC Free-Financing Universal Merchant AAT-QX3UCCJESKPA2,Amazon PLCC Free-Financing Universal Merchant AAT-5QQ7BIYYQEDN2,Amazon PLCC Free-Financing Universal Merchant AAT-DSJ2QRXXWXVMQ,Amazon PLCC Free-Financing Universal Merchant AAT-CXJHMC2YJUK76,Amazon PLCC Free-Financing Universal Merchant AAT-CC4FAVTYR4X7C,Amazon PLCC Free-Financing Universal Merchant AAT-FYWJCQHU2XQ2U,Amazon PLCC Free-Financing Universal Merchant AAT-EOKPWFWYW7Y6I,Amazon PLCC Free-Financing Universal Merchant AAT-URPEBMPS7TSPE,Amazon PLCC Free-Financing Universal Merchant AAT-3R6UGYISJQCKA,Amazon PLCC Free-Financing Universal Merchant AAT-RVL5KAXRIWHV2,Amazon PLCC Free-Financing Universal Merchant AAT-BS2QIL3ZUUJDC,Amazon PLCC Free-Financing Universal Merchant AAT-BD2QQYQLU3K3Q,Amazon PLCC Free-Financing Universal Merchant AAT-7Z5FYSWV55YJ6,Amazon PLCC Free-Financing Universal Merchant AAT-KQRYFJZLTA6E2,Amazon PLCC Free-Financing Universal Merchant AAT-F6SN46VZWQOQI,Amazon PLCC Free-Financing Universal Merchant AAT-GL6VKXK3MYVP4,Amazon PLCC Free-Financing Universal Merchant AAT-26CRLBGU7BZ4I,Amazon PLCC Free-Financing Universal Merchant AAT-EC3WUB2OYMZJY,Amazon PLCC Free-Financing Universal Merchant AAT-LLHTF3J4EFYUO,Amazon PLCC Free-Financing Universal Merchant AAT-BRSZZ45H6MHAO,Amazon PLCC Free-Financing Universal Merchant AAT-MKLXOOZWQL7GO,Amazon PLCC Free-Financing Universal Merchant AAT-CB7UNXEXGIJTC,Amazon PLCC Free-Financing Universal Merchant #MP-gzasho-1593152694811,Amazon PLCC Free-Financing Universal Merchant AAT-WLBA4GZ52EAH4",False,Easy Ship,RAJGARH CHURU
408-4043094-0447552,2022-05-03,Shipped - Delivered to Buyer,Merchant,Amazon.in,Standard,J0238,J0238-LCD-XL,Set,XL,Shipped,1,INR,2299.0,BANGALORE,Karnataka,560050.0,IN,"Amazon PLCC Free-Financing Universal Merchant AAT-WNKTBO3K27EJC,Amazon PLCC Free-Financing Universal Merchant AAT-QX3UCCJESKPA2,Amazon PLCC Free-Financing Universal Merchant AAT-5QQ7BIYYQEDN2,Amazon PLCC Free-Financing Universal Merchant AAT-DSJ2QRXXWXVMQ,Amazon PLCC Free-Financing Universal Merchant AAT-CXJHMC2YJUK76,Amazon PLCC Free-Financing Universal Merchant AAT-SL3Y2YRMAUNFC,Amazon PLCC Free-Financing Universal Merchant AAT-CC4FAVTYR4X7C,Amazon PLCC Free-Financing Universal Merchant AAT-FYWJCQHU2XQ2U,Amazon PLCC Free-Financing Universal Merchant AAT-WSJLDN3X7KEMO,Amazon PLCC Free-Financing Universal Merchant AAT-VL6FGQVGQVXUS,Amazon PLCC Free-Financing Universal Merchant AAT-EOKPWFWYW7Y6I,Amazon PLCC Free-Financing Universal Merchant AAT-XVPICCHRWDCAI,Amazon PLCC Free-Financing Universal Merchant AAT-URPEBMPS7TSPE,Amazon PLCC Free-Financing Universal Merchant AAT-3R6UGYISJQCKA,Amazon PLCC Free-Financing Universal Merchant AAT-BRSZZ45H6MHAO,Amazon PLCC Free-Financing Universal Merchant AAT-MKLXOOZWQL7GO,Amazon PLCC Free-Financing Universal Merchant AAT-CB7UNXEXGIJTC,Amazon PLCC Free-Financing Universal Merchant #MP-gzasho-1593152694811,Amazon PLCC Free-Financing Universal Merchant AAT-WLBA4GZ52EAH4",False,Easy Ship,BANGALORE
408-0897859-0872345,2022-05-02,Cancelled,Merchant,Amazon.in,Standard,JNE3861,JNE3861-DR-L,Western Dress,L,Unknown,0,INR,2259.99,NOIDA,Uttar Pradesh,201301.0,IN,Unknown,False,Easy Ship,NOIDA
406-7195963-2374765,2022-05-02,Shipped,Amazon,Amazon.in,Expedited,SET197,SET197-KR-NP-M,Set,M,Shipped,4,INR,3036.0,LUCKNOW,Uttar Pradesh,226002.0,IN,IN Core Free Shipping 2015/04/08 23-48-5-108,False,Unknown,LUCKNOW
407-0033705-7050777,2022-05-01,Shipped,Amazon,Amazon.in,Expedited,J0230,J0230-SKD-XL,Set,XL,Shipped,2,INR,2292.0,BHUBANESWAR,Odisha,752101.0,IN,Unknown,False,Unknown,BHUBANESWAR
406-8645364-9620310,2022-06-28,Shipped,Amazon,Amazon.in,Expedited,J0230,J0230-SKD-L,Set,L,Shipped,2,INR,2326.0,SURAT,Gujarat,394107.0,IN,IN Core Free Shipping 2015/04/08 23-48-5-108,False,Unknown,SURAT
406-9717793-9875550,2022-06-28,Pending - Waiting for Pick Up,Merchant,Amazon.in,Standard,J0230,J0230-SKD-S,Set,S,Unshipped,2,INR,2326.0,SURAT,Gujarat,394107.0,IN,"Amazon PLCC Free-Financing Universal Merchant AAT-WNKTBO3K27EJC,Amazon PLCC Free-Financing Universal Merchant AAT-QX3UCCJESKPA2,Amazon PLCC Free-Financing Universal Merchant AAT-5QQ7BIYYQEDN2,Amazon PLCC Free-Financing Universal Merchant AAT-DSJ2QRXXWXVMQ,Amazon PLCC Free-Financing Universal Merchant AAT-CXJHMC2YJUK76,Amazon PLCC Free-Financing Universal Merchant AAT-CC4FAVTYR4X7C,Amazon PLCC Free-Financing Universal Merchant AAT-EWAPBB6BDRGM6,Amazon PLCC Free-Financing Universal Merchant AAT-EOKPWFWYW7Y6I,Amazon PLCC Free-Financing Universal Merchant AAT-NT3ZJJGQ3JK3Q,Amazon PLCC Free-Financing Universal Merchant AAT-5SHH3G55USK5C,Amazon PLCC Free-Financing Universal Merchant AAT-6XVEGAWJUJYXG,Amazon PLCC Free-Financing Universal Merchant AAT-BOWEMQBNNNHBK,Amazon PLCC Free-Financing Universal Merchant AAT-ONHQI6RQUNGB6,Amazon PLCC Free-Financing Universal Merchant AAT-DP5M6CP4XT7YY,Amazon PLCC Free-Financing Universal Merchant AAT-BRSZZ45H6MHAO,Amazon PLCC Free-Financing Universal Merchant AAT-MKLXOOZWQL7GO,Amazon PLCC Free-Financing Universal Merchant AAT-CB7UNXEXGIJTC,Amazon PLCC Free-Financing Universal Merchant #MP-gzasho-1593152694811,Amazon PLCC Free-Financing Universal Merchant AAT-WLBA4GZ52EAH4",False,Easy Ship,SURAT
404-5859734-0088316,2022-06-25,Cancelled,Merchant,Amazon.in,Standard,J0241,J0241-SKD-XXL,Set,XXL,Unknown,0,INR,2389.28,DEVARAKONDA,Telangana,508248.0,IN,Unknown,False,Easy Ship,DEVARAKONDA
406-4058716-9725100,2022-06-12,Shipped,Amazon,Amazon.in,Expedited,SET304,SET304-KR-DPT-L,Set,L,Shipped,2,INR,2250.0,HYDERABAD,Telangana,500072.0,IN,IN Core Free Shipping 2015/04/08 23-48-5-108,False,Unknown,HYDERABAD
403-8890969-8669100,2022-06-11,Shipped,Amazon,Amazon.in,Expedited,J0238,J0238-LCD-XL,Set,XL,Shipped,1,INR,2598.0,NAVI MUMBAI,Maharashtra,400701.0,IN,Unknown,False,Unknown,NAVI MUMBAI
403-4040971-3884354,2022-06-11,Shipped - Delivered to Buyer,Merchant,Amazon.in,Standard,JNE3405,JNE3405-KR-XL,kurta,XL,Shipped,5,INR,2175.0,ALIGARH,Uttar Pradesh,202001.0,IN,"Amazon PLCC Free-Financing Universal Merchant AAT-WNKTBO3K27EJC,Amazon PLCC Free-Financing Universal Merchant AAT-QX3UCCJESKPA2,Amazon PLCC Free-Financing Universal Merchant AAT-5QQ7BIYYQEDN2,Amazon PLCC Free-Financing Universal Merchant AAT-DSJ2QRXXWXVMQ,Amazon PLCC Free-Financing Universal Merchant AAT-CXJHMC2YJUK76,Amazon PLCC Free-Financing Universal Merchant AAT-CC4FAVTYR4X7C,Amazon PLCC Free-Financing Universal Merchant AAT-EWAPBB6BDRGM6,Amazon PLCC Free-Financing Universal Merchant AAT-EOKPWFWYW7Y6I,Amazon PLCC Free-Financing Universal Merchant AAT-NT3ZJJGQ3JK3Q,Amazon PLCC Free-Financing Universal Merchant AAT-5SHH3G55USK5C,Amazon PLCC Free-Financing Universal Merchant AAT-6XVEGAWJUJYXG,Amazon PLCC Free-Financing Universal Merchant AAT-5QNBXTEQWGXOW,Amazon PLCC Free-Financing Universal Merchant AAT-ZBCRDPHJI4UDO,Amazon PLCC Free-Financing Universal Merchant AAT-CMBNOJYSQPOPS,Amazon PLCC Free-Financing Universal Merchant AAT-IBN3WODYJ44YC,Amazon PLCC Free-Financing Universal Merchant AAT-W2F65W44TEYES,Amazon PLCC Free-Financing Universal Merchant AAT-ZBGDWJCP6BTLE,Amazon PLCC Free-Financing Universal Merchant AAT-5DVF2TMYR72D4,Amazon PLCC Free-Financing Universal Merchant AAT-BOWEMQBNNNHBK,Amazon PLCC Free-Financing Universal Merchant AAT-SKYXW7T3UZBGO,Amazon PLCC Free-Financing Universal Merchant AAT-BRSZZ45H6MHAO,Amazon PLCC Free-Financing Universal Merchant AAT-MKLXOOZWQL7GO,Amazon PLCC Free-Financing Universal Merchant AAT-CB7UNXEXGIJTC,Amazon PLCC Free-Financing Universal Merchant #MP-gzasho-1593152694811,Amazon PLCC Free-Financing Universal Merchant AAT-WLBA4GZ52EAH4",False,Easy Ship,ALIGARH
405-6605216-7124309,2022-06-11,Shipped,Amazon,Amazon.in,Expedited,J0238,J0238-LCD-XL,Set,XL,Shipped,1,INR,2598.0,HYDERABAD,Telangana,500050.0,IN,IN Core Free Shipping 2015/04/08 23-48-5-108,False,Unknown,HYDERABAD
405-4126676-0634710,2022-06-09,Cancelled,Merchant,Amazon.in,Standard,J0238,J0238-LCD-S,Set,S,Unknown,0,INR,2319.64,TIRUPATI,Andhra pradesh,517507.0,IN,Unknown,False,Easy Ship,TIRUPATI
405-7767825-6423510,2022-06-09,Shipped - Delivered to Buyer,Merchant,Amazon.in,Standard,J0092,J0092-SET-XXXL,Set,3XL,Shipped,2,INR,2016.0,HYDERABAD,Telangana,500073.0,IN,"Amazon PLCC Free-Financing Universal Merchant AAT-WNKTBO3K27EJC,Amazon PLCC Free-Financing Universal Merchant AAT-QX3UCCJESKPA2,Amazon PLCC Free-Financing Universal Merchant AAT-5QQ7BIYYQEDN2,Amazon PLCC Free-Financing Universal Merchant AAT-DSJ2QRXXWXVMQ,Amazon PLCC Free-Financing Universal Merchant AAT-CXJHMC2YJUK76,Amazon PLCC Free-Financing Universal Merchant AAT-SL3Y2YRMAUNFC,Amazon PLCC Free-Financing Universal Merchant AAT-CC4FAVTYR4X7C,Amazon PLCC Free-Financing Universal Merchant AAT-EWAPBB6BDRGM6,Amazon PLCC Free-Financing Universal Merchant AAT-R7GXNZWISTRFA,Amazon PLCC Free-Financing Universal Merchant AAT-EOKPWFWYW7Y6I,Amazon PLCC Free-Financing Universal Merchant AAT-NT3ZJJGQ3JK3Q,Amazon PLCC Free-Financing Universal Merchant AAT-AMKH7SAAONETC,Amazon PLCC Free-Financing Universal Merchant AAT-56XNPXK2K7OLI,Amazon PLCC Free-Financing Universal Merchant AAT-ATCR5763CN6Q6,Amazon PLCC Free-Financing Universal Merchant AAT-6XVEGAWJUJYXG,Amazon PLCC Free-Financing Universal Merchant AAT-ZBCRDPHJI4UDO,Amazon PLCC Free-Financing Universal Merchant AAT-CMBNOJYSQPOPS,Amazon PLCC Free-Financing Universal Merchant AAT-IBN3WODYJ44YC,Amazon PLCC Free-Financing Universal Merchant AAT-W2F65W44TEYES,Amazon PLCC Free-Financing Universal Merchant AAT-ZBGDWJCP6BTLE,Amazon PLCC Free-Financing Universal Merchant AAT-BOWEMQBNNNHBK,Amazon PLCC Free-Financing Universal Merchant AAT-SKYXW7T3UZBGO,Amazon PLCC Free-Financing Universal Merchant AAT-BRSZZ45H6MHAO,Amazon PLCC Free-Financing Universal Merchant AAT-MKLXOOZWQL7GO,Amazon PLCC Free-Financing Universal Merchant AAT-CB7UNXEXGIJTC,Amazon PLCC Free-Financing Universal Merchant #MP-gzasho-1593152694811,Amazon PLCC Free-Financing Universal Merchant AAT-WLBA4GZ52EAH4,Amazon PLCC Free-Financing Universal Merchant #MP-pmilan-1601980554292",False,Easy Ship,HYDERABAD
403-0508108-8847558,2022-06-09,Shipped,Amazon,Amazon.in,Expedited,J0339,J0339-DR-XXL,Western Dress,XXL,Shipped,2,INR,2182.0,PUNE,Maharashtra,411021.0,IN,Unknown,False,Unknown,PUNE
403-0343365-3075550,2022-06-06,Shipped,Amazon,Amazon.in,Expedited,SET374,SET374-KR-NP-XXL,Set,XXL,Shipped,4,INR,2664.0,SECUNDERABAD,Telangana,500009.0,IN,Unknown,False,Unknown,SECUNDERABAD
404-4712917-7300332,2022-06-06,Shipped,Amazon,Amazon.in,Expedited,SET278,SET278-KR-NP-XXXL,Set,3XL,Shipped,2,INR,2894.0,MUMBAI,Maharashtra,400081.0,IN,IN Core Free Shipping 2015/04/08 23-48-5-108,False,Unknown,MUMBAI
171-8289493-6425157,2022-06-04,Shipped,Amazon,Amazon.in,Expedited,SET350,SET350-KR-NP-S,Set,S,Shipped,2,INR,2244.0,TADPATRI,Andhra pradesh,515411.0,IN,IN Core Free Shipping 2015/04/08 23-48-5-108,False,Unknown,TADPATRI
403-2726196-9752350,2022-06-02,Shipped - Delivered to Buyer,Merchant,Amazon.in,Standard,J0238,J0238-LCD-S,Set,S,Shipped,1,INR,2598.0,DIGRAS,Maharashtra,445203.0,IN,"Amazon PLCC Free-Financing Universal Merchant AAT-WNKTBO3K27EJC,Amazon PLCC Free-Financing Universal Merchant AAT-QX3UCCJESKPA2,Amazon PLCC Free-Financing Universal Merchant AAT-5QQ7BIYYQEDN2,Amazon PLCC Free-Financing Universal Merchant AAT-DSJ2QRXXWXVMQ,Amazon PLCC Free-Financing Universal Merchant AAT-CXJHMC2YJUK76,Amazon PLCC Free-Financing Universal Merchant AAT-CC4FAVTYR4X7C,Amazon PLCC Free-Financing Universal Merchant AAT-EWAPBB6BDRGM6,Amazon PLCC Free-Financing Universal Merchant AAT-EOKPWFWYW7Y6I,Amazon PLCC Free-Financing Universal Merchant AAT-KRZXHZ23VMAKE,Amazon PLCC Free-Financing Universal Merchant AAT-NT3ZJJGQ3JK3Q,Amazon PLCC Free-Financing Universal Merchant AAT-Z7SKZOEIDWRU4,Amazon PLCC Free-Financing Universal Merchant AAT-ZY77ROZXBSFU6,Amazon PLCC Free-Financing Universal Merchant AAT-BRSZZ45H6MHAO,Amazon PLCC Free-Financing Universal Merchant AAT-MKLXOOZWQL7GO,Amazon PLCC Free-Financing Universal Merchant AAT-CB7UNXEXGIJTC,Amazon PLCC Free-Financing Universal Merchant #MP-gzasho-1593152694811,Amazon PLCC Free-Financing Universal Merchant AAT-WLBA4GZ52EAH4",False,Easy Ship,DIGRAS
